<?xml version="1.0"?>

<PropertyList>

	<path>Navomatic400A.ac</path>

<!-- Luminosity -->

<!-- There are no lights on the Navomatic panel, so add some
     "luminous paint" for a slight glow in the dark. -->

<animation>
	<type>material</type>
	<object-name>Base</object-name>
	<emission>
		<red>0.025</red>
		<green>0.05</green>
		<blue>0.025</blue>
	</emission>
</animation> 

<animation>
	<type>material</type>
	<object-name>Knob_Trim</object-name>
	<emission>
		<red>0.025</red>
		<green>0.05</green>
		<blue>0.025</blue>
	</emission>
</animation> 

<animation>
	<type>material</type>
	<object-name>Btn_AP-ON</object-name>
	<emission>
		<red>0.0125</red>
		<green>0.025</green>
		<blue>0.0125</blue>
	</emission>
</animation> 

<animation>
	<type>material</type>
	<object-name>Btn_ALT</object-name>
	<emission>
		<red>0.0125</red>
		<green>0.025</green>
		<blue>0.0125</blue>
	</emission>
</animation> 

<animation>
	<type>material</type>
	<object-name>Btn_NAV</object-name>
	<emission>
		<red>0.0125</red>
		<green>0.025</green>
		<blue>0.0125</blue>
	</emission>
</animation> 

<animation>
	<type>material</type>
	<object-name>Knob_Pitch</object-name>
	<emission>
		<red>0.0125</red>
		<green>0.025</green>
		<blue>0.0125</blue>
	</emission>
</animation> 

<!-- AP ON/OFF -->

<animation>
	<type>rotate</type>
	<object-name>Btn_AP-ON</object-name>
	<property>Navomatic400A/switches/ap-on</property>
	<factor>-20</factor>
	<axis>
		<x1-m>-0.002346 </x1-m>
		<y1-m> 0.0364655</y1-m>
		<z1-m> 0.018325 </z1-m>
		<x2-m>-0.002346 </x2-m>
		<y2-m> 0.0364655</y2-m>
		<z2-m>-0.018325 </z2-m>
	</axis>
</animation>
<animation>
	<type>pick</type>
	<object-name>Btn_AP-ON</object-name>
	<visible>true</visible>
	<action>
		<button>0</button>
		<repeatable>false</repeatable>
		<binding>
			<command>property-toggle</command>
			<property>Navomatic400A/switches/ap-on</property> 
		</binding>
	</action>
</animation> 

<animation>
	<type>rotate</type>
	<object-name>Btn_NAV</object-name>
	<property>Navomatic400A/switches/nav</property>
	<factor>-20</factor>
	<axis>
		<x1-m>-0.002346 </x1-m>
		<y1-m> 0.0364655</y1-m>
		<z1-m> 0.018325 </z1-m>
		<x2-m>-0.002346 </x2-m>
		<y2-m> 0.0364655</y2-m>
		<z2-m>-0.018325 </z2-m>
	</axis>
</animation>

<animation>
	<type>pick</type>
	<object-name>Btn_NAV</object-name>
	<visible>true</visible>
	<action>
		<button>0</button>
		<repeatable>false</repeatable>
		<binding>
			<command>property-toggle</command>
			<property>Navomatic400A/switches/nav</property> 
		</binding>
	</action>
</animation>

<animation>
	<type>rotate</type>
	<object-name>Btn_ALT</object-name>
	<property>Navomatic400A/switches/alt</property>
	<factor>-20</factor>
	<axis>
		<x1-m>-0.002346 </x1-m>
		<y1-m> 0.0364655</y1-m>
		<z1-m> 0.018325 </z1-m>
		<x2-m>-0.002346 </x2-m>
		<y2-m> 0.0364655</y2-m>
		<z2-m>-0.018325 </z2-m>
	</axis>
</animation>

<animation>
	<type>pick</type>
	<object-name>Btn_ALT</object-name>
	<visible>true</visible>
	<action>
		<button>0</button>
		<binding>
			<command>property-toggle</command>
			<property>Navomatic400A/switches/alt</property>
		</binding>
	</action>
</animation>

<animation>
	<type>rotate</type>
	<object-name>Knob_Pitch</object-name>
	<property>autopilot/settings/pitch-select</property>
	<factor>-60</factor>
	<axis>
		<x>0.0</x>
		<y>1.0</y>
		<z>0.0</z>
	</axis>
	<center>
		<x-m>-0.00884</x-m>
		<y-m>-0.04116</y-m>
		<z-m> 0.0    </z-m>
	</center>
</animation>  

<animation>
	<type>pick</type>
	<object-name>Knob_Pitch</object-name>
	<action>
		<button>0</button> 
		<repeatable>false</repeatable>
		<binding>
			<command>property-assign</command>
        	<property>autopilot/settings/pitch-select</property>
			<value>0.0</value>
		</binding>
	</action>
	<action>
		<button>3</button> 
		<repeatable>true</repeatable>
		<binding>
			<command>property-adjust</command>
        	<property>autopilot/settings/pitch-select</property>
			<step>-0.5</step>
			<min>-10</min>
			<max>10</max>
		</binding>
	</action>
	<action>
		<button>4</button>     
		<repeatable>true</repeatable>
		<binding>
		<command>property-adjust</command>
    	<property>autopilot/settings/pitch-select</property>
		<step>0.5</step>
		<min>-10</min>
		<max>10</max>
		</binding>
	</action>
</animation>

<animation>
	<type>translate</type>
	<object-name>Knob_Trim</object-name>
	<property>Navomatic400A/push-pull-dial/pulled-out</property>
	<factor>0.01</factor>
	<axis>
		<x>1.0</x>
		<y>0.0</y>
		<z>0.0</z>
	</axis>
</animation>

<animation>
	<type>rotate</type>
	<object-name>Knob_Trim</object-name>
	<property>autopilot/settings/bank-select</property>
	<factor>-4.8</factor>
	<axis>
		<x>1</x>
		<y>0</y>
		<z>0</z>
	</axis>
	<center>
		<x-m>0.007956</x-m>
		<y-m>-0.00116</y-m>
		<z-m> 0.0    </z-m>
	</center>
</animation>
    
<animation>
	<type>pick</type>
	<object-name>Knob_Trim</object-name>
	<visible>true</visible>
	<action>
		<button>0</button>
		<repeatable>false</repeatable>
		<binding>
            <condition>
                <equals>
    			    <property>autopilot/settings/bank-select</property>
                    <value>0</value>
                </equals>
            </condition>
			<command>property-assign</command>
			<property>Navomatic400A/push-pull-dial/pulled-out</property>
            <value>0</value>
		</binding>
	</action>
	<action>
		<button>1</button>
		<repeatable>false</repeatable>
		<binding>
			<command>property-assign</command>
			<property>Navomatic400A/push-pull-dial/pulled-out</property>
            <value>1</value>
		</binding>
	</action>
	<action>
		<button>3</button>
		<repeatable>false</repeatable>
		<binding>
            <condition>
			    <property>Navomatic400A/push-pull-dial/pulled-out</property>
            </condition>
			<command>property-adjust</command>
			<property>autopilot/settings/bank-select</property>
            <step>+5</step>
            <min>-25</min>
            <max>+25</max>
		</binding>
	</action>
	<action>
		<button>4</button>
		<repeatable>false</repeatable>
		<binding>
            <condition>
			    <property>Navomatic400A/push-pull-dial/pulled-out</property>
            </condition>
			<command>property-adjust</command>
			<property>autopilot/settings/bank-select</property>
            <step>-5</step>
            <min>-25</min>
            <max>+25</max>
		</binding>
	</action>
</animation>

<!-- Label Text -->

<text>
	<name>LabelText</name>
	<type type="string">literal</type>
		<text type="string">Autopilot</text>
	<draw-text type="bool">true</draw-text>
	<font>Helvetica.txf</font>
		<character-size type="double">0.012</character-size>
		<character-aspect-ratio type="double">1.0</character-aspect-ratio>
	<axis-alignment>yz-plane</axis-alignment>
	<max-height>0.2</max-height>
	<max-width>0.07</max-width>
	<font-resolution>
		<width type="int">32</width>
		<height type="int">32</height>
	</font-resolution>
	<alignment>center-center</alignment>
	<offsets>
		<x-m> 0.03</x-m>
		<y-m> 0.0 </y-m>
		<z-m>-0.02</z-m>
	</offsets>
</text>

<animation>
	<type>material</type>
		<object-name>LabelText</object-name>
	<emission>
		<red>1.0</red>
		<green>0.8</green>
		<blue>0.0</blue>
	</emission>
</animation>

<animation>
	<type>select</type>
		<object-name>LabelText</object-name>
	<condition>
		<property>/sim/panel-hotspots</property>
	</condition>
</animation>

</PropertyList>
