<?xml version="1.0"?>

<PropertyList>

 <path>FuelFlow.ac</path>
 
 <animation>
  <type>material</type>
  <!-- <object-name>Base</object-name> -->
  <object-name>Meter</object-name>
  <object-name>Needle_FRONT</object-name>
  <object-name>Needle_REAR</object-name>	
     <emission>
         <red>0.7</red>
         <green>0.7</green>
         <blue>0.7</blue>
         <factor-prop>controls/lighting/panel-norm</factor-prop>  <!-- <factor-prop>systems/electrical/outputs/instrument-lights</factor-prop> -->
     </emission>
 </animation> 

<animation>
	<type>rotate</type>
	<object-name>Needle_FRONT</object-name>
	<property>/engines/engine[0]/fuel-flow_pph</property>
	<interpolation>
		<entry><ind>  0</ind><dep>   0</dep></entry>
		<entry><ind> 20</ind><dep>  15</dep></entry>
		<entry><ind> 30</ind><dep>  19</dep></entry>
		<entry><ind> 40</ind><dep>  25</dep></entry>
		<entry><ind> 50</ind><dep>  30</dep></entry>
		<entry><ind> 60</ind><dep>  40</dep></entry>
		<entry><ind> 70</ind><dep>  49</dep></entry>
		<entry><ind> 80</ind><dep>  58</dep></entry>
		<entry><ind> 90</ind><dep>  69</dep></entry>
		<entry><ind>100</ind><dep>  80</dep></entry>
		<entry><ind>110</ind><dep>  94</dep></entry>
		<entry><ind>120</ind><dep> 108</dep></entry>
		<entry><ind>130</ind><dep> 125</dep></entry>
		<entry><ind>140</ind><dep> 145</dep></entry>
		<entry><ind>165</ind><dep> 150</dep></entry>
	</interpolation>
	<axis>
		<x>-1</x>
		<y>0</y>
		<z>0</z>
	</axis>
</animation>

<animation>
	<type>rotate</type>
	<object-name>Needle_REAR</object-name>
	<property>/engines/engine[1]/fuel-flow_pph</property>
	<interpolation>
		<entry><ind>  0</ind><dep>   0</dep></entry>
		<entry><ind> 20</ind><dep> -15</dep></entry>
		<entry><ind> 30</ind><dep> -19</dep></entry>
		<entry><ind> 40</ind><dep> -25</dep></entry>
		<entry><ind> 50</ind><dep> -30</dep></entry>
		<entry><ind> 60</ind><dep> -40</dep></entry>
		<entry><ind> 70</ind><dep> -49</dep></entry>
		<entry><ind> 80</ind><dep> -58</dep></entry>
		<entry><ind> 90</ind><dep> -69</dep></entry>
		<entry><ind>100</ind><dep> -80</dep></entry>
		<entry><ind>110</ind><dep> -94</dep></entry>
		<entry><ind>120</ind><dep>-108</dep></entry>
		<entry><ind>130</ind><dep>-125</dep></entry>
		<entry><ind>140</ind><dep>-145</dep></entry>
		<entry><ind>165</ind><dep>-150</dep></entry>
	</interpolation>
	<axis>
		<x>-1</x>
		<y>0</y>
		<z>0</z>
	</axis>
</animation>

<!-- Label Text -->

<text>
	<name>LabelText</name>
	<type type="string">literal</type>
		<text type="string">Fuel Flow</text>
	<draw-text type="bool">true</draw-text>
	<font>Helvetica.txf</font>
		<character-size type="double">0.012</character-size>
		<character-aspect-ratio type="double">1.0</character-aspect-ratio>
	<axis-alignment>yz-plane</axis-alignment>
	<max-height>0.2</max-height>
	<max-width>0.07</max-width>
	<font-resolution>
		<width type="int">32</width>
		<height type="int">32</height>
	</font-resolution>
	<alignment>center-center</alignment>
	<offsets>
		<x-m> 0.01</x-m>
		<y-m> 0.0 </y-m>
		<z-m> 0.0 </z-m>
	</offsets>
</text>

<animation>
	<type>material</type>
		<object-name>LabelText</object-name>
	<emission>
		<red>1.0</red>
		<green>0.8</green>
		<blue>0.0</blue>
	</emission>
</animation>

<animation>
	<type>select</type>
		<object-name>LabelText</object-name>
	<condition>
		<property>/sim/panel-hotspots</property>
	</condition>
</animation>

</PropertyList>