<?xml version="1.0" ?>
<PropertyList>

  <!--
  Bendix/King KMA20 Marker/Audio panel

  Created by Torsten Dreyer, December 2008

  You might want to use the following code in your aircraft's nasal
  init function to keep the settings of the device persistent between
  flightgear sessions

  aircraft.data.add(
    "instrumentation/kma24/test",
    "instrumentation/kma24/auto",
    "instrumentation/kma24/com1",
    "instrumentation/kma24/com2",
    "instrumentation/kma24/nav1",
    "instrumentation/kma24/nav2",
    "instrumentation/kma24/adf",
    "instrumentation/kma24/dme",
    "instrumentation/kma24/mkr",
    "instrumentation/kma24/sens",
    "instrumentation/kma24/knob"
  );
  -->

<params>
	<outer>instrumentation/marker-beacon/outer</outer>
	<middle>instrumentation/marker-beacon/middle</middle>
	<inner>instrumentation/marker-beacon/inner</inner>
	<test>instrumentation/kma24/test</test>
	<tel>instrumentation/kma24/tel</tel>
	<auto>instrumentation/kma24/auto</auto>
	<com1>instrumentation/kma24/com1</com1>
	<com2>instrumentation/kma24/com2</com2>
	<nav1>instrumentation/kma24/nav1</nav1>
	<nav2>instrumentation/kma24/nav2</nav2>
	<adf>instrumentation/kma24/adf</adf>
	<dme>instrumentation/kma24/dme</dme>
	<mkr>instrumentation/kma24/mkr</mkr>
	<sens>instrumentation/kma24/sens</sens>
	<knob>instrumentation/kma24/knob</knob>
	<electrical>systems/electrical/outputs/audio-panel</electrical>
</params>

	<path>KMA24.ac</path>

<animation>
	<type>material</type>
	<object-name>Knob</object-name>
	<emission>
		<red>0.3</red>
		<green>0.3</green>
		<blue>0.3</blue>
	<factor-prop>controls/lighting/panel-norm</factor-prop>
	</emission>
</animation>   

	<!-- MARKER BEACON -->

<animation>
	<type>material</type>
	<object-name>Mkr_A</object-name>
	<emission>
		<red>1.0</red>
		<green>1.0</green>
		<blue>1.0</blue>
		<factor-prop alias="../../../params/inner"/>
		<offset-prop alias="../../../params/test"/>
	</emission>
</animation>

<animation>
	<type>material</type>
	<object-name>Mkr_O</object-name>
	<emission>
		<red>1.0</red>
		<green>1.0</green>
		<blue>1.0</blue>
		<factor-prop alias="../../../params/outer"/>
		<offset-prop alias="../../../params/test"/>
	</emission>
</animation>

<animation>
	<type>material</type>
	<object-name>Mkr_M</object-name>
	<emission>
		<red>1.0</red>
		<green>1.0</green>
		<blue>1.0</blue>
		<factor-prop alias="../../../params/middle"/>
		<offset-prop alias="../../../params/test"/>
	</emission>
</animation>


	<!-- TEST -->

<animation>
	<type>pick</type>
	<object-name>SwitchTEST</object-name>
	<visible>true</visible>
	<action>
		<button>0</button>
		<repeatable>false</repeatable>
		<binding>
			<command>property-assign</command>
			<property>instrumentation/kma24/test</property>
			<value type="int">1</value>
		</binding>
		<mod-up>
			<binding>
				<command>property-assign</command>
				<property>instrumentation/kma24/test</property>
				<value type="int">0</value>
			</binding>
		</mod-up>
	</action>
</animation>

<animation>
	<type>material</type>
	<object-name>SwitchTEST</object-name>
	<emission>
		<red>0.2</red>
		<green>0.7</green>
		<blue>0</blue>
	</emission>
	<condition>
		<property>instrumentation/kma24/test</property>
	</condition>
</animation>

<animation>
	<type>translate</type>
	<object-name>SwitchTEST</object-name>
	<property>instrumentation/kma24/test</property>
	<factor>-0.002</factor>
	<axis>
		<x>1</x>
		<y>0</y>
		<z>0</z>
	</axis>
</animation>

	<!-- SENS -->

<animation>
	<type>pick</type>
	<object-name>SwitchSENS</object-name>
	<visible>true</visible>
	<action>
		<button>0</button>
		<repeatable>false</repeatable>
		<binding>
			<command>property-toggle</command>
			<property alias="../../../../params/sens"/>
		</binding>
	</action>
</animation>

<animation>
	<type>material</type>
	<object-name>SwitchSENS</object-name>
	<emission>
		<red>0.2</red>
		<green>0.7</green>
		<blue>0</blue>
	</emission>
	<condition>
		<property>instrumentation/kma24/sens</property>
	</condition>
</animation>

<animation>
	<type>translate</type>
	<object-name>SwitchSENS</object-name>
	<property>instrumentation/kma24/sens</property>
	<factor>-0.002</factor>
	<axis>
		<x>1</x>
		<y>0</y>
		<z>0</z>
	</axis>
</animation>


	<!-- TEL/PHONE -->

<animation>
	<type>pick</type>
	<object-name>SwitchTEL_01</object-name>
	<visible>true</visible>
	<action>
		<button>0</button>
		<repeatable>false</repeatable>
		<binding>
			<command>property-assign</command>
			<property alias="../../../../params/tel"/>
			<value>-1</value>
		</binding>
	</action>
	<action>
		<button>1</button>
		<repeatable>false</repeatable>
		<binding>
			<command>property-assign</command>
			<property alias="../../../../params/tel"/>
			<value>0</value>
		</binding>
	</action>
</animation>

<animation>
	<type>pick</type>
	<object-name>SwitchTEL_02</object-name>
	<visible>true</visible>
	<action>
		<button>0</button>
		<repeatable>false</repeatable>
		<binding>
			<command>property-assign</command>
			<property alias="../../../../params/tel"/>
			<value>1</value>
		</binding>
	</action>
	<action>
		<button>1</button>
		<repeatable>false</repeatable>
		<binding>
			<command>property-assign</command>
			<property alias="../../../../params/tel"/>
			<value>0</value>
		</binding>
	</action>
</animation>

<animation>
	<type>material</type>
	<object-name>SwitchTEL_01</object-name>
	<emission>
		<red>0.2</red>
		<green>0.7</green>
		<blue>0</blue>
	</emission>
	<condition>
		<equals>
			<property alias="../../../../params/tel"/>
			<value>-1</value>
		</equals>
	</condition>
</animation>

<animation>
	<type>material</type>
	<object-name>SwitchTEL_02</object-name>
	<emission>
		<red>0.2</red>
		<green>0.7</green>
		<blue>0</blue>
	</emission>
	<condition>
		<equals>
			<property alias="../../../../params/tel"/>
			<value>1</value>
		</equals>
	</condition>
</animation>

<animation>
	<type>translate</type>
	<object-name>SwitchTEL_01</object-name>
	<property>instrumentation/kma24/tel</property>
	<interpolation>
		<entry><ind>-1</ind><dep>-0.002</dep></entry>
		<entry><ind> 0</ind><dep> 0    </dep></entry>
		<entry><ind> 1</ind><dep>-0    </dep></entry>
	</interpolation>
	<axis>
		<x>1</x>
		<y>0</y>
		<z>0</z>
	</axis>
</animation>

<animation>
	<type>translate</type>
	<object-name>SwitchTEL_02</object-name>
	<property>instrumentation/kma24/tel</property>
	<interpolation>
		<entry><ind>-1</ind><dep> 0    </dep></entry>
		<entry><ind> 0</ind><dep> 0    </dep></entry>
		<entry><ind> 1</ind><dep>-0.002</dep></entry>
	</interpolation>
	<axis>
		<x>1</x>
		<y>0</y>
		<z>0</z>
	</axis>
</animation>


	<!-- COM 1 -->

<animation>
	<type>pick</type>
	<object-name>SwitchCOM1_01</object-name>
	<visible>true</visible>
	<action>
		<button>0</button>
		<repeatable>false</repeatable>
		<binding>
			<command>property-assign</command>
			<property alias="../../../../params/com1"/>
			<value>-1</value>
		</binding>
	</action>
	<action>
		<button>1</button>
		<repeatable>false</repeatable>
		<binding>
			<command>property-assign</command>
			<property alias="../../../../params/com1"/>
			<value>0</value>
		</binding>
	</action>
</animation>

<animation>
	<type>pick</type>
	<object-name>SwitchCOM1_02</object-name>
	<visible>true</visible>
	<action>
		<button>0</button>
		<repeatable>false</repeatable>
		<binding>
			<command>property-assign</command>
			<property alias="../../../../params/com1"/>
			<value>1</value>
		</binding>
	</action>
	<action>
		<button>1</button>
		<repeatable>false</repeatable>
		<binding>
			<command>property-assign</command>
			<property alias="../../../../params/com1"/>
			<value>0</value>
		</binding>
	</action>
</animation>

<animation>
	<type>material</type>
	<object-name>SwitchCOM1_01</object-name>
	<emission>
		<red>0.2</red>
		<green>0.7</green>
		<blue>0</blue>
	</emission>
	<condition>
		<equals>
			<property alias="../../../../params/com1"/>
			<value>-1</value>
		</equals>
	</condition>
</animation>

<animation>
	<type>material</type>
	<object-name>SwitchCOM1_02</object-name>
	<emission>
		<red>0.2</red>
		<green>0.7</green>
		<blue>0</blue>
	</emission>
	<condition>
		<equals>
			<property alias="../../../../params/com1"/>
			<value>1</value>
		</equals>
	</condition>
</animation>

<animation>
	<type>translate</type>
	<object-name>SwitchCOM1_01</object-name>
	<property>instrumentation/kma24/com1</property>
	<interpolation>
		<entry><ind>-1</ind><dep>-0.002</dep></entry>
		<entry><ind> 0</ind><dep> 0    </dep></entry>
		<entry><ind> 1</ind><dep>-0    </dep></entry>
	</interpolation>
	<axis>
		<x>1</x>
		<y>0</y>
		<z>0</z>
	</axis>
</animation>

<animation>
	<type>translate</type>
	<object-name>SwitchCOM1_02</object-name>
	<property>instrumentation/kma24/com1</property>
	<interpolation>
		<entry><ind>-1</ind><dep> 0    </dep></entry>
		<entry><ind> 0</ind><dep> 0    </dep></entry>
		<entry><ind> 1</ind><dep>-0.002</dep></entry>
	</interpolation>
	<axis>
		<x>1</x>
		<y>0</y>
		<z>0</z>
	</axis>
</animation>


	<!-- COM 2 -->

<animation>
	<type>pick</type>
	<object-name>SwitchCOM2_01</object-name>
	<visible>true</visible>
	<action>
		<button>0</button>
		<repeatable>false</repeatable>
		<binding>
			<command>property-assign</command>
			<property alias="../../../../params/com2"/>
			<value>-1</value>
		</binding>
	</action>
	<action>
		<button>1</button>
		<repeatable>false</repeatable>
		<binding>
			<command>property-assign</command>
			<property alias="../../../../params/com2"/>
			<value>0</value>
		</binding>
	</action>
</animation>

<animation>
	<type>pick</type>
	<object-name>SwitchCOM2_02</object-name>
	<visible>true</visible>
	<action>
		<button>0</button>
		<repeatable>false</repeatable>
		<binding>
			<command>property-assign</command>
			<property alias="../../../../params/com2"/>
			<value>1</value>
		</binding>
	</action>
	<action>
		<button>1</button>
		<repeatable>false</repeatable>
		<binding>
			<command>property-assign</command>
			<property alias="../../../../params/com2"/>
			<value>0</value>
		</binding>
	</action>
</animation>

<animation>
	<type>material</type>
	<object-name>SwitchCOM2_01</object-name>
	<emission>
		<red>0.2</red>
		<green>0.7</green>
		<blue>0</blue>
	</emission>
	<condition>
		<equals>
			<property alias="../../../../params/com2"/>
			<value>-1</value>
		</equals>
	</condition>
</animation>

<animation>
	<type>material</type>
	<object-name>SwitchCOM2_02</object-name>
	<emission>
		<red>0.2</red>
		<green>0.7</green>
		<blue>0</blue>
	</emission>
	<condition>
		<equals>
			<property alias="../../../../params/com2"/>
			<value>1</value>
		</equals>
	</condition>
</animation>

<animation>
	<type>translate</type>
	<object-name>SwitchCOM2_01</object-name>
	<property>instrumentation/kma24/com2</property>
	<interpolation>
		<entry><ind>-1</ind><dep>-0.002</dep></entry>
		<entry><ind> 0</ind><dep> 0    </dep></entry>
		<entry><ind> 1</ind><dep>-0    </dep></entry>
	</interpolation>
	<axis>
		<x>1</x>
		<y>0</y>
		<z>0</z>
	</axis>
</animation>

<animation>
	<type>translate</type>
	<object-name>SwitchCOM2_02</object-name>
	<property>instrumentation/kma24/com2</property>
	<interpolation>
		<entry><ind>-1</ind><dep> 0    </dep></entry>
		<entry><ind> 0</ind><dep> 0    </dep></entry>
		<entry><ind> 1</ind><dep>-0.002</dep></entry>
	</interpolation>
	<axis>
		<x>1</x>
		<y>0</y>
		<z>0</z>
	</axis>
</animation>


	<!-- NAV 1 -->

<animation>
	<type>pick</type>
	<object-name>SwitchNAV1_01</object-name>
	<visible>true</visible>
	<action>
		<button>0</button>
		<repeatable>false</repeatable>
		<binding>
			<command>property-assign</command>
			<property alias="../../../../params/nav1"/>
			<value>-1</value>
		</binding>
	</action>
	<action>
		<button>1</button>
		<repeatable>false</repeatable>
		<binding>
			<command>property-assign</command>
			<property alias="../../../../params/nav1"/>
			<value>0</value>
		</binding>
	</action>
</animation>

<animation>
	<type>pick</type>
	<object-name>SwitchNAV1_02</object-name>
	<visible>true</visible>
	<action>
		<button>0</button>
		<repeatable>false</repeatable>
		<binding>
			<command>property-assign</command>
			<property alias="../../../../params/nav1"/>
			<value>1</value>
		</binding>
	</action>
	<action>
		<button>1</button>
		<repeatable>false</repeatable>
		<binding>
			<command>property-assign</command>
			<property alias="../../../../params/nav1"/>
			<value>0</value>
		</binding>
	</action>
</animation>

<animation>
	<type>material</type>
	<object-name>SwitchNAV1_01</object-name>
	<emission>
		<red>0.2</red>
		<green>0.7</green>
		<blue>0</blue>
	</emission>
	<condition>
		<equals>
			<property alias="../../../../params/nav1"/>
			<value>-1</value>
		</equals>
	</condition>
</animation>

<animation>
	<type>material</type>
	<object-name>SwitchNAV1_02</object-name>
	<emission>
		<red>0.2</red>
		<green>0.7</green>
		<blue>0</blue>
	</emission>
	<condition>
		<equals>
			<property alias="../../../../params/nav1"/>
			<value>1</value>
		</equals>
	</condition>
</animation>

<animation>
	<type>translate</type>
	<object-name>SwitchNAV1_01</object-name>
	<property>instrumentation/kma24/nav1</property>
	<interpolation>
		<entry><ind>-1</ind><dep>-0.002</dep></entry>
		<entry><ind> 0</ind><dep> 0    </dep></entry>
		<entry><ind> 1</ind><dep>-0    </dep></entry>
	</interpolation>
	<axis>
		<x>1</x>
		<y>0</y>
		<z>0</z>
	</axis>
</animation>

<animation>
	<type>translate</type>
	<object-name>SwitchNAV1_02</object-name>
	<property>instrumentation/kma24/nav1</property>
	<interpolation>
		<entry><ind>-1</ind><dep> 0    </dep></entry>
		<entry><ind> 0</ind><dep> 0    </dep></entry>
		<entry><ind> 1</ind><dep>-0.002</dep></entry>
	</interpolation>
	<axis>
		<x>1</x>
		<y>0</y>
		<z>0</z>
	</axis>
</animation>


	<!-- NAV 2 -->

<animation>
	<type>pick</type>
	<object-name>SwitchNAV2_01</object-name>
	<visible>true</visible>
	<action>
		<button>0</button>
		<repeatable>false</repeatable>
		<binding>
			<command>property-assign</command>
			<property alias="../../../../params/nav2"/>
			<value>-1</value>
		</binding>
	</action>
	<action>
		<button>1</button>
		<repeatable>false</repeatable>
		<binding>
			<command>property-assign</command>
			<property alias="../../../../params/nav2"/>
			<value>0</value>
		</binding>
	</action>
</animation>

<animation>
	<type>pick</type>
	<object-name>SwitchNAV2_02</object-name>
	<visible>true</visible>
	<action>
		<button>0</button>
		<repeatable>false</repeatable>
		<binding>
			<command>property-assign</command>
			<property alias="../../../../params/nav2"/>
			<value>1</value>
		</binding>
	</action>
	<action>
		<button>1</button>
		<repeatable>false</repeatable>
		<binding>
			<command>property-assign</command>
			<property alias="../../../../params/nav2"/>
			<value>0</value>
		</binding>
	</action>
</animation>

<animation>
	<type>material</type>
	<object-name>SwitchNAV2_01</object-name>
	<emission>
		<red>0.2</red>
		<green>0.7</green>
		<blue>0</blue>
	</emission>
	<condition>
		<equals>
			<property alias="../../../../params/nav2"/>
			<value>-1</value>
		</equals>
	</condition>
</animation>

<animation>
	<type>material</type>
	<object-name>SwitchNAV2_02</object-name>
	<emission>
		<red>0.2</red>
		<green>0.7</green>
		<blue>0</blue>
	</emission>
	<condition>
		<equals>
			<property alias="../../../../params/nav2"/>
			<value>1</value>
		</equals>
	</condition>
</animation>

<animation>
	<type>translate</type>
	<object-name>SwitchNAV2_01</object-name>
	<property>instrumentation/kma24/nav2</property>
	<interpolation>
		<entry><ind>-1</ind><dep>-0.002</dep></entry>
		<entry><ind> 0</ind><dep> 0    </dep></entry>
		<entry><ind> 1</ind><dep>-0    </dep></entry>
	</interpolation>
	<axis>
		<x>1</x>
		<y>0</y>
		<z>0</z>
	</axis>
</animation>

<animation>
	<type>translate</type>
	<object-name>SwitchNAV2_02</object-name>
	<property>instrumentation/kma24/nav2</property>
	<interpolation>
		<entry><ind>-1</ind><dep> 0    </dep></entry>
		<entry><ind> 0</ind><dep> 0    </dep></entry>
		<entry><ind> 1</ind><dep>-0.002</dep></entry>
	</interpolation>
	<axis>
		<x>1</x>
		<y>0</y>
		<z>0</z>
	</axis>
</animation>


	<!-- DME -->

<animation>
	<type>pick</type>
	<object-name>SwitchDME_01</object-name>
	<visible>true</visible>
	<action>
		<button>0</button>
		<repeatable>false</repeatable>
		<binding>
			<command>property-assign</command>
			<property alias="../../../../params/dme"/>
			<value>-1</value>
		</binding>
	</action>
	<action>
		<button>1</button>
		<repeatable>false</repeatable>
		<binding>
			<command>property-assign</command>
			<property alias="../../../../params/dme"/>
			<value>0</value>
		</binding>
	</action>
</animation>

<animation>
	<type>pick</type>
	<object-name>SwitchDME_02</object-name>
	<visible>true</visible>
	<action>
		<button>0</button>
		<repeatable>false</repeatable>
		<binding>
			<command>property-assign</command>
			<property alias="../../../../params/dme"/>
			<value>1</value>
		</binding>
	</action>
	<action>
		<button>1</button>
		<repeatable>false</repeatable>
		<binding>
			<command>property-assign</command>
			<property alias="../../../../params/dme"/>
			<value>0</value>
		</binding>
	</action>
</animation>

<animation>
	<type>material</type>
	<object-name>SwitchDME_01</object-name>
	<emission>
		<red>0.2</red>
		<green>0.7</green>
		<blue>0</blue>
	</emission>
	<condition>
		<equals>
			<property alias="../../../../params/dme"/>
			<value>-1</value>
		</equals>
	</condition>
</animation>

<animation>
	<type>material</type>
	<object-name>SwitchDME_02</object-name>
	<emission>
		<red>0.2</red>
		<green>0.7</green>
		<blue>0</blue>
	</emission>
	<condition>
		<equals>
			<property alias="../../../../params/dme"/>
			<value>1</value>
		</equals>
	</condition>
</animation>

<animation>
	<type>translate</type>
	<object-name>SwitchDME_01</object-name>
	<property>instrumentation/kma24/dme</property>
	<interpolation>
		<entry><ind>-1</ind><dep>-0.002</dep></entry>
		<entry><ind> 0</ind><dep> 0    </dep></entry>
		<entry><ind> 1</ind><dep>-0    </dep></entry>
	</interpolation>
	<axis>
		<x>1</x>
		<y>0</y>
		<z>0</z>
	</axis>
</animation>

<animation>
	<type>translate</type>
	<object-name>SwitchDME_02</object-name>
	<property>instrumentation/kma24/dme</property>
	<interpolation>
		<entry><ind>-1</ind><dep> 0    </dep></entry>
		<entry><ind> 0</ind><dep> 0    </dep></entry>
		<entry><ind> 1</ind><dep>-0.002</dep></entry>
	</interpolation>
	<axis>
		<x>1</x>
		<y>0</y>
		<z>0</z>
	</axis>
</animation>


	<!-- MKR -->

<animation>
	<type>pick</type>
	<object-name>SwitchMKR_01</object-name>
	<visible>true</visible>
	<action>
		<button>0</button>
		<repeatable>false</repeatable>
		<binding>
			<command>property-assign</command>
			<property alias="../../../../params/mkr"/>
			<value>-1</value>
		</binding>
	</action>
	<action>
		<button>1</button>
		<repeatable>false</repeatable>
		<binding>
			<command>property-assign</command>
			<property alias="../../../../params/mkr"/>
			<value>0</value>
		</binding>
	</action>
</animation>

<animation>
	<type>pick</type>
	<object-name>SwitchMKR_02</object-name>
	<visible>true</visible>
	<action>
		<button>0</button>
		<repeatable>false</repeatable>
		<binding>
			<command>property-assign</command>
			<property alias="../../../../params/mkr"/>
			<value>1</value>
		</binding>
	</action>
	<action>
		<button>1</button>
		<repeatable>false</repeatable>
		<binding>
			<command>property-assign</command>
			<property alias="../../../../params/mkr"/>
			<value>0</value>
		</binding>
	</action>
</animation>

<animation>
	<type>material</type>
	<object-name>SwitchMKR_01</object-name>
	<emission>
		<red>0.2</red>
		<green>0.7</green>
		<blue>0</blue>
	</emission>
	<condition>
		<equals>
			<property alias="../../../../params/mkr"/>
			<value>-1</value>
		</equals>
	</condition>
</animation>

<animation>
	<type>material</type>
	<object-name>SwitchMKR_02</object-name>
	<emission>
		<red>0.2</red>
		<green>0.7</green>
		<blue>0</blue>
	</emission>
	<condition>
		<equals>
			<property alias="../../../../params/mkr"/>
			<value>1</value>
		</equals>
	</condition>
</animation>

<animation>
	<type>translate</type>
	<object-name>SwitchMKR_01</object-name>
	<property>instrumentation/kma24/mkr</property>
	<interpolation>
		<entry><ind>-1</ind><dep>-0.002</dep></entry>
		<entry><ind> 0</ind><dep> 0    </dep></entry>
		<entry><ind> 1</ind><dep>-0    </dep></entry>
	</interpolation>
	<axis>
		<x>1</x>
		<y>0</y>
		<z>0</z>
	</axis>
</animation>

<animation>
	<type>translate</type>
	<object-name>SwitchMKR_02</object-name>
	<property>instrumentation/kma24/mkr</property>
	<interpolation>
		<entry><ind>-1</ind><dep> 0    </dep></entry>
		<entry><ind> 0</ind><dep> 0    </dep></entry>
		<entry><ind> 1</ind><dep>-0.002</dep></entry>
	</interpolation>
	<axis>
		<x>1</x>
		<y>0</y>
		<z>0</z>
	</axis>
</animation>


	<!-- ADF -->

<animation>
	<type>pick</type>
	<object-name>SwitchADF_01</object-name>
	<visible>true</visible>
	<action>
		<button>0</button>
		<repeatable>false</repeatable>
		<binding>
			<command>property-assign</command>
			<property alias="../../../../params/adf"/>
			<value>-1</value>
		</binding>
	</action>
	<action>
		<button>1</button>
		<repeatable>false</repeatable>
		<binding>
			<command>property-assign</command>
			<property alias="../../../../params/adf"/>
			<value>0</value>
		</binding>
	</action>
</animation>

<animation>
	<type>pick</type>
	<object-name>SwitchADF_02</object-name>
	<visible>true</visible>
	<action>
		<button>0</button>
		<repeatable>false</repeatable>
		<binding>
			<command>property-assign</command>
			<property alias="../../../../params/adf"/>
			<value>1</value>
		</binding>
	</action>
	<action>
		<button>1</button>
		<repeatable>false</repeatable>
		<binding>
			<command>property-assign</command>
			<property alias="../../../../params/adf"/>
			<value>0</value>
		</binding>
	</action>
</animation>

<animation>
	<type>material</type>
	<object-name>SwitchADF_01</object-name>
	<emission>
		<red>0.2</red>
		<green>0.7</green>
		<blue>0</blue>
	</emission>
	<condition>
		<equals>
			<property alias="../../../../params/adf"/>
			<value>-1</value>
		</equals>
	</condition>
</animation>

<animation>
	<type>material</type>
	<object-name>SwitchADF_02</object-name>
	<emission>
		<red>0.2</red>
		<green>0.7</green>
		<blue>0</blue>
	</emission>
	<condition>
		<equals>
			<property alias="../../../../params/adf"/>
			<value>1</value>
		</equals>
	</condition>
</animation>

<animation>
	<type>translate</type>
	<object-name>SwitchADF_01</object-name>
	<property>instrumentation/kma24/adf</property>
	<interpolation>
		<entry><ind>-1</ind><dep>-0.002</dep></entry>
		<entry><ind> 0</ind><dep> 0    </dep></entry>
		<entry><ind> 1</ind><dep>-0    </dep></entry>
	</interpolation>
	<axis>
		<x>1</x>
		<y>0</y>
		<z>0</z>
	</axis>
</animation>

<animation>
	<type>translate</type>
	<object-name>SwitchADF_02</object-name>
	<property>instrumentation/kma24/adf</property>
	<interpolation>
		<entry><ind>-1</ind><dep> 0    </dep></entry>
		<entry><ind> 0</ind><dep> 0    </dep></entry>
		<entry><ind> 1</ind><dep>-0.002</dep></entry>
	</interpolation>
	<axis>
		<x>1</x>
		<y>0</y>
		<z>0</z>
	</axis>
</animation>


	<!-- AUTO -->

<animation>
	<type>pick</type>
	<object-name>SwitchAUTO_01</object-name>
	<visible>true</visible>
	<action>
		<button>0</button>
		<repeatable>false</repeatable>
		<binding>
			<command>property-assign</command>
			<property alias="../../../../params/auto"/>
			<value>-1</value>
		</binding>
	</action>
	<action>
		<button>1</button>
		<repeatable>false</repeatable>
		<binding>
			<command>property-assign</command>
			<property alias="../../../../params/auto"/>
			<value>0</value>
		</binding>
	</action>
</animation>

<animation>
	<type>pick</type>
	<object-name>SwitchAUTO_02</object-name>
	<visible>true</visible>
	<action>
		<button>0</button>
		<repeatable>false</repeatable>
		<binding>
			<command>property-assign</command>
			<property alias="../../../../params/auto"/>
			<value>1</value>
		</binding>
	</action>
	<action>
		<button>1</button>
		<repeatable>false</repeatable>
		<binding>
			<command>property-assign</command>
			<property alias="../../../../params/auto"/>
			<value>0</value>
		</binding>
	</action>
</animation>

<animation>
	<type>material</type>
	<object-name>SwitchAUTO_01</object-name>
	<emission>
		<red>0.2</red>
		<green>0.7</green>
		<blue>0</blue>
	</emission>
	<condition>
		<equals>
			<property alias="../../../../params/auto"/>
			<value>-1</value>
		</equals>
	</condition>
</animation>

<animation>
	<type>material</type>
	<object-name>SwitchAUTO_02</object-name>
	<emission>
		<red>0.2</red>
		<green>0.7</green>
		<blue>0</blue>
	</emission>
	<condition>
		<equals>
			<property alias="../../../../params/auto"/>
			<value>1</value>
		</equals>
	</condition>
</animation>

<animation>
	<type>translate</type>
	<object-name>SwitchAUTO_01</object-name>
	<property>instrumentation/kma24/auto</property>
	<interpolation>
		<entry><ind>-1</ind><dep>-0.002</dep></entry>
		<entry><ind> 0</ind><dep> 0    </dep></entry>
		<entry><ind> 1</ind><dep>-0    </dep></entry>
	</interpolation>
	<axis>
		<x>1</x>
		<y>0</y>
		<z>0</z>
	</axis>
</animation>

<animation>
	<type>translate</type>
	<object-name>SwitchAUTO_02</object-name>
	<property>instrumentation/kma24/auto</property>
	<interpolation>
		<entry><ind>-1</ind><dep> 0    </dep></entry>
		<entry><ind> 0</ind><dep> 0    </dep></entry>
		<entry><ind> 1</ind><dep>-0.002</dep></entry>
	</interpolation>
	<axis>
		<x>1</x>
		<y>0</y>
		<z>0</z>
	</axis>
</animation>
<!--
  <animation>
    <type>rotate</type>
    <object-name>Knob</object-name>
    <property alias="../../params/knob"/>
    <factor>-30</factor>
    <axis>
      <x>1</x>
    </axis>
    <center>
      <y-m>-0.0605381</y-m>
      <z-m>0.00559147</z-m>
    </center>
  </animation>

  <animation>
    <type>pick</type>
    <object-name>MICLeft</object-name>
    <visible>false</visible>
    <action>
      <button>0</button>
      <repeatable>false</repeatable>
      <binding>
        <command>property-adjust</command>
        <property alias="../../../../params/knob"/>
        <step>-1</step>
        <min>-1</min>
        <max>1</max>
        <wrap>0</wrap>
      </binding>
    </action>
  </animation>

  <animation>
    <type>pick</type>
    <object-name>MICRight</object-name>
    <visible>false</visible>
    <action>
      <button>0</button>
      <repeatable>false</repeatable>
      <binding>
        <command>property-adjust</command>
        <property alias="../../../../params/knob"/>
        <step>1</step>
        <min>-1</min>
        <max>1</max>
        <wrap>0</wrap>
      </binding>
    </action>
  </animation>
-->

	<!-- Label Text -->

<text>
	<name>LabelText</name>
	<type type="string">literal</type>
		<text type="string">Audio Panel</text>
	<draw-text type="bool">true</draw-text>
	<font>Helvetica.txf</font>
		<character-size type="double">0.012</character-size>
		<character-aspect-ratio type="double">1.0</character-aspect-ratio>
	<axis-alignment>yz-plane</axis-alignment>
	<max-height>0.2</max-height>
	<max-width>0.07</max-width>
	<font-resolution>
		<width type="int">32</width>
		<height type="int">32</height>
	</font-resolution>
	<alignment>center-center</alignment>
	<offsets>
		<x-m> 0.01</x-m>
		<y-m> 0.0 </y-m>
		<z-m> 0.0 </z-m>
	</offsets>
</text>

<animation>
	<type>material</type>
		<object-name>LabelText</object-name>
	<emission>
		<red>1.0</red>
		<green>0.8</green>
		<blue>0.0</blue>
	</emission>
</animation>

<animation>
	<type>select</type>
		<object-name>LabelText</object-name>
	<condition>
		<property>/sim/panel-hotspots</property>
	</condition>
</animation>

</PropertyList>