<?xml version="1.0"?>


<PropertyList>
	
	  <path>LandingLights.ac</path>

 <animation>
		<type>select</type>
		<object-name>Landing</object-name>
		<condition>
  <property>controls/lighting/landing-lights</property>
 </condition>
	</animation>
	
<animation>
		<type>noshadow</type>
		<object-name>Landing</object-name>
	</animation>
<!--
	<animation>
		<type>flash</type>
		<object-name>Landing</object-name>
		<axis>
			<x>-1</x>
			<y>0</y>
			<z>0</z>
		</axis>
		<power>0.5</power>
		<factor>1</factor>
		<offset>0</offset>
		<two-sides type="bool">false</two-sides>
		<min>0.01</min>
		<max>1</max>
	</animation>
-->

</PropertyList>