<?xml version="1.0"?>

<PropertyList>

<adf>
	<name>adf</name>
	<number>0</number>
</adf>

<airspeed-indicator>
	<name>airspeed-indicator</name>
	<number>0</number>
	<total-pressure>/systems/pitot/total-pressure-inhg</total-pressure>
	<static-pressure>/systems/static/pressure-inhg</static-pressure>
</airspeed-indicator>

<altimeter>
	<name>altimeter</name>
	<number>0</number>
	<static-pressure>/systems/static/pressure-inhg</static-pressure>
	<quantum>0</quantum>
	<tau>0</tau>
</altimeter>

<altimeter>
	<name>encoder</name>
	<number>0</number>
	<static-pressure>/systems/static/pressure-inhg</static-pressure>
	<quantum>10</quantum>
	<tau>0.1</tau>
</altimeter>

<attitude-indicator>
	<name>attitude-indicator</name>
	<number>0</number>
	<suction>/instrumentation/vacuum/suction-inhg</suction>
</attitude-indicator>

<clock>
	<name>clock</name>
	<number>0</number>
</clock>

<dme>
	<name>dme</name>
	<number>0</number>
</dme>

<heading-indicator>
	<name>heading-indicator</name>
	<number>0</number>
	<suction>/instrumentation/vacuum/suction-inhg</suction>
</heading-indicator>

<magnetic-compass>
	<name>magnetic-compass</name>
	<number>0</number>
</magnetic-compass>

<comm-radio>
    <name>comm</name>
    <number>0</number>
</comm-radio>

<comm-radio>
    <name>comm</name>
    <number>1</number>
</comm-radio>

<marker-beacon>
    <name>marker-beacon</name>
    <number>0</number>
</marker-beacon>

<nav-radio>
	<name>nav</name>
	<number>0</number>
</nav-radio>

<nav-radio>
	<name>nav</name>
	<number>1</number>
</nav-radio>

<slip-skid-ball>
	<name>slip-skid-ball</name>
	<number>0</number>
</slip-skid-ball>

<transponder>
	<name>transponder</name>
	<number>0</number>
	<mode-c-altitude>/instrumentation/encoder/mode-c-alt-ft</mode-c-altitude>
</transponder>

<turn-indicator>
	<name>turn-indicator</name>
	<number>0</number>
</turn-indicator>

<vertical-speed-indicator>
	<name>vertical-speed-indicator</name>
	<number>0</number>
	<static-pressure>/systems/static/pressure-inhg</static-pressure>
</vertical-speed-indicator>

</PropertyList>
