<?xml version="1.0"?>

<!-- Cessna337 Autopilot

     This autopilot is tuned for the Cessna 337 but designed to be 
     independent of the autopilot control panel so that it is possible 
     to offer aircraft variants with different panels.

     Copyright (c) 2014, Richard Senior

     This program is free software; you can redistribute it and/or
     modify it under the terms of the GNU General Public License
     as published by the Free Software Foundation; either version 2
     of the License, or (at your option) any later version.

     This program is distributed in the hope that it will be useful,
     but WITHOUT ANY WARRANTY; without even the implied warranty of
     MERCHANTABILITY or FITNESS FOR A PARTICULAR PURPOSE.  See the
     GNU General Public License for more details.

     You should have received a copy of the GNU General Public License
     along with this program; if not, write to the Free Software
     Foundation, Inc., 51 Franklin Street, Fifth Floor, Boston, 
     MA 02110-1301, USA.
-->

<PropertyList>

    <!-- =============================================================== -->
    <!-- Filters                                                         -->
    <!-- =============================================================== -->

    <filter>
        <name>CDI Filter</name>
        <debug>false</debug>
        <type>exponential</type>
        <filter-time>0.5</filter-time>
        <input>instrumentation/nav/heading-needle-deflection</input>
        <output>autopilot/internal/nav/filtered-heading-needle-deflection</output>
    </filter>

    <filter>
        <name>Pitch Select Filter</name>
        <debug>false</debug>
        <type>exponential</type>
        <filter-time>2.0</filter-time>
        <input>autopilot/settings/pitch-select</input>
        <output>autopilot/internal/filtered-pitch-select</output>
    </filter>

    <filter>
        <name>Bank Select Filter</name>
        <debug>false</debug>
        <type>exponential</type>
        <filter-time>2.0</filter-time>
        <input>autopilot/settings/bank-select</input>
        <output>autopilot/internal/filtered-bank-select</output>
    </filter>

    <filter>
        <name>Aileron Servo</name>
        <debug>false</debug>
        <feedback-if-disabled>true</feedback-if-disabled>
        <enable>
            <condition>
                <not>
                    <equals>
                        <property>autopilot/locks/heading</property>
                        <value></value>
                    </equals>
                </not>
            </condition>
        </enable>
        <input>autopilot/internal/servos/aileron</input>
        <output>controls/flight/aileron</output>
        <type>noise-spike</type>
        <max-rate-of-change>0.125</max-rate-of-change>
        <min>-1.0</min>
        <max>1.0</max>
    </filter>

    <filter>
        <name>Elevator Servo</name>
        <debug>false</debug>
        <feedback-if-disabled>true</feedback-if-disabled>
        <enable>
            <condition>
                <not>
                    <equals>
                        <property>autopilot/locks/altitude</property>
                        <value></value>
                    </equals>
                </not>
            </condition>
        </enable>
        <input>autopilot/internal/servos/elevator</input>
        <output>controls/flight/elevator</output>
        <type>noise-spike</type>
        <max-rate-of-change>0.125</max-rate-of-change>
        <min>-1.0</min>
        <max>1.0</max>
    </filter>

    <filter>
        <name>Rudder Servo</name>
        <debug>false</debug>
        <feedback-if-disabled>true</feedback-if-disabled>
        <enable>
            <condition>
                <not>
                    <equals>
                        <property>autopilot/locks/heading</property>
                        <value></value>
                    </equals>
                </not>
            </condition>
        </enable>
        <input>autopilot/internal/servos/rudder</input>
        <output>controls/flight/rudder</output>
        <type>noise-spike</type>
        <max-rate-of-change>0.125</max-rate-of-change>
        <min>-1.0</min>
        <max>1.0</max>
    </filter>

    <!-- =============================================================== -->
    <!-- Auto Coordination                                               -->
    <!-- =============================================================== -->

    <!-- Not strictly realistic. Perhaps this should be switchable with 
         an entry under sim/realism ... It flies nicely with this though -->

    <pid-controller>
        <name>Auto Coordination</name>
        <debug>false</debug>
        <enable>
            <condition>
                <and>
                    <not>
                        <equals>
                            <property>autopilot/locks/heading</property>
                            <value></value>
                        </equals>
                    </not>
                    <not>
                        <property>controls/flight/auto-coordination</property>
                    </not>
                </and>
            </condition>
        </enable>
        <type>gain</type>
        <input>instrumentation/slip-skid-ball/indicated-slip-skid</input>
        <output>autopilot/internal/servos/rudder</output>
        <config>
            <Kp>0.5</Kp>
            <Ti>20.0</Ti>
            <Td>0.002</Td>
            <u_min>-0.5</u_min>
            <u_max>0.5</u_max>
        </config>
    </pid-controller>

    <!-- =============================================================== -->
    <!-- Roll Axis Modes                                                 -->
    <!-- =============================================================== -->

    <!-- Bank select (including wing leveler when set to zero) -->

    <filter>
        <name>Bank Angle Roll Computer</name>
        <debug>false</debug>
        <enable>
            <condition>
                <or>
                    <equals>
                        <property>autopilot/locks/heading</property>
                        <value>wing-leveler</value>
                    </equals>
                    <equals>
                        <property>autopilot/locks/heading</property>
                        <value>bank-hold</value>
                    </equals>
                </or>
            </condition>
        </enable>
        <type>gain</type>
        <gain>1.0</gain>
        <input>autopilot/internal/filtered-bank-select</input>
        <output>autopilot/internal/target-roll-deg</output>
    </filter>

    <!-- Standard DG heading hold -->

    <filter>
        <name>Directional Gyro Heading Hold Roll Computer</name>
        <debug>false</debug>
        <enable>
            <condition>
                <equals>
                    <property>autopilot/locks/heading</property>
                    <value>dg-heading-hold</value>
                </equals>
            </condition>
        </enable>
        <type>gain</type>
        <gain>2.0</gain>
        <input>autopilot/internal/heading-bug-error-deg</input>
        <output>autopilot/internal/target-roll-deg</output>
        <min>
            <property>autopilot/settings/bank-auto</property>
            <scale>-1.0</scale>
        </min>
        <max>
            <property>autopilot/settings/bank-auto</property>
            <scale>+1.0</scale>
        </max>
    </filter>

    <!-- Calculate a NAV course error from the CDI needle deflection -->

    <pi-simple-controller>
        <name>Course Deflection Indicator Integrator</name>
        <debug>false</debug>
        <input>autopilot/internal/nav/filtered-heading-needle-deflection</input>
        <output>autopilot/internal/nav1-course-error-deg</output>
        <config>
            <Kp>4.5</Kp>
            <Ki>0.02</Ki>
        </config>
        <min>-45.0</min>
        <max>45.0</max>
    </pi-simple-controller>

    <!-- Calculate an intercept heading from the radial and course error -->

    <filter>
        <name>NAV1 Intercept Heading Computer</name>
        <debug>false</debug>
        <type>gain</type>
        <gain>1.0</gain>
        <input>autopilot/settings/heading-bug-deg</input>
        <reference>autopilot/internal/nav1-course-error-deg</reference>
        <output>autopilot/internal/intercept-heading-deg</output>
    </filter>

    <!-- Calculate the error between the current heading and the intercept -->

    <filter>
        <name>NAV1 Intercept Error Computer</name>
        <debug>false</debug>
        <type>gain</type>
        <gain>1.0</gain>
        <input>autopilot/internal/intercept-heading-deg</input>
        <reference>instrumentation/heading-indicator/indicated-heading-deg</reference>
        <output>autopilot/internal/nav1-intercept-error-deg</output>
    </filter>

    <!-- NAV Hold -->

    <filter>
        <name>NAV1 Course Hold Roll Computer</name>
        <debug>false</debug>
        <enable>
            <condition>
                <equals>
                    <property>autopilot/locks/heading</property>
                    <value>nav1-hold</value>
                </equals>
            </condition>
        </enable>
        <type>gain</type>
        <gain>2.0</gain>
        <input>
            <property>autopilot/internal/nav1-intercept-error-deg</property>
            <period>
                <min>-180</min>
                <max>180</max>
            </period>
        </input>
        <output>autopilot/internal/target-roll-deg</output>
        <min>
            <property>autopilot/settings/bank-auto</property>
            <scale>-1.0</scale>
        </min>
        <max>
            <property>autopilot/settings/bank-auto</property>
            <scale>+1.0</scale>
        </max>
    </filter>

    <!-- Aileron Servo Controller -->

    <!-- This servo controller translates the target roll computations from the 
         various lateral modes into aileron movements via the servo filter. -->

    <pid-controller>
        <name>Aileron Servo Controller</name>
        <debug>false</debug>
        <enable>
            <condition>
                <not>
                    <equals>
                        <property>autopilot/locks/heading</property>
                        <value></value>
                    </equals>
                </not>
            </condition>
        </enable>
        <input>orientation/roll-deg</input>
        <reference>autopilot/internal/target-roll-deg</reference>
        <output>autopilot/internal/servos/aileron</output>
        <config>
            <Kp>0.01</Kp>
            <Ti>25.0</Ti>
            <Td>0.0004</Td>
            <u_min>-1.0</u_min>
            <u_max>1.0</u_max>
        </config>
    </pid-controller>

    <!-- =============================================================== -->
    <!-- Pitch Axis Modes                                                -->
    <!-- =============================================================== -->

    <filter>
        <name>Pitch Hold Pitch Computer</name>
        <debug>false</debug>
        <enable>
            <condition>
                <equals>
                    <property>autopilot/locks/altitude</property>
                    <value>pitch-hold</value>
                </equals>
            </condition>
        </enable>
        <type>gain</type>
        <gain>1.0</gain>
        <input>autopilot/settings/pitch-select</input>
        <output>autopilot/settings/target-pitch-deg</output>
    </filter>

    <filter>
        <name>Altitude Hold Pitch Computer</name>
        <debug>false</debug>
        <enable>
            <condition>
                <or>
                    <equals>
                        <property>autopilot/locks/altitude</property>
                        <value>altitude-hold</value>
                    </equals>
                    <and>
                        <equals>
                            <property>autopilot/locks/altitude</property>
                            <value>gs1-hold</value>
                        </equals>
                        <not>
                            <property>autopilot/locks/gs-captured</property>
                        </not>
                    </and>
                </or>
            </condition>
        </enable>
        <type>gain</type>
        <gain>-0.04</gain>
        <input>instrumentation/altimeter/indicated-altitude-ft</input>
        <reference>autopilot/settings/target-altitude-ft</reference>
        <output>autopilot/settings/target-pitch-deg</output>
        <min>-3.0</min>
        <max>3.0</max>
    </filter>

    <!-- Glideslope -->

    <flipflop>
        <name>Glideslope Capture</name>
        <type>SR</type>
        <debug>false</debug>
        <S>
            <and>
                <equals>
                    <property>autopilot/locks/altitude</property>
                    <value>gs1-hold</value>
                </equals>
                <property>instrumentation/nav/gs-in-range</property>
                <less-than>
                    <property>instrumentation/nav/gs-needle-deflection</property>
                    <value>0.0</value>
                </less-than>
            </and>
        </S>
        <R>
            <or>
                <not>
                    <equals>
                        <property>autopilot/locks/altitude</property>
                        <value>gs1-hold</value>
                    </equals>
                </not>
                <not><property>instrumentation/nav/gs-in-range</property></not>
            </or>
        </R>
        <output>autopilot/locks/gs-captured</output>
    </flipflop>

    <pi-simple-controller>
        <name>Glideslope Hold</name>
        <debug>false</debug>
        <enable>
            <condition>
                <and>
                    <equals>
                        <property>autopilot/locks/altitude</property>
                        <value>gs1-hold</value>
                    </equals>
                    <property>autopilot/locks/gs-captured</property>
                </and>
            </condition>
        </enable>
        <input>instrumentation/nav/gs-needle-deflection</input>
        <reference>0.0</reference>
        <output>autopilot/settings/target-pitch-deg</output>
        <config>
            <Kp>-4.0</Kp>
            <Ki>-0.25</Ki>
        </config>
        <min>-10.0</min>
        <max>3.0</max>
    </pi-simple-controller>

    <!-- Elevator Servo Controller -->

    <!-- This servo controller translates the target pitch from the 
         various lateral modes into aileron movements via the servo filter. -->

    <pid-controller>
        <name>Pitch Hold</name>
        <debug>false</debug>
        <enable>
            <condition>
                <not>
                    <equals>
                        <property>autopilot/locks/altitude</property>
                        <value></value>
                    </equals>
                </not>
            </condition>
        </enable>
        <input>autopilot/settings/target-pitch-deg</input>
        <reference>instrumentation/attitude-indicator/internal-pitch-deg</reference>
        <output>autopilot/internal/servos/elevator</output>
        <config>
            <Kp>0.015</Kp>
            <Ti>10.0</Ti>
            <Td>0.0002</Td>
            <u_min>-1.0</u_min>
            <u_max>1.0</u_max>
        </config>
    </pid-controller>

</PropertyList>
