<?xml version="1.0"?>

<PropertyList>

	<path>AlcorDualEGT.ac</path>
 
<animation>
	<type>material</type>
	<object-name>Meter</object-name>
	<object-name>Needle_FRONT</object-name>
	<object-name>Needle_REAR</object-name>
	<emission>
		<red>0.7</red>         
		<green>0.7</green>     
		<blue>0.7</blue>         
		<factor-prop>controls/lighting/panel-norm</factor-prop>  <!-- <factor-prop>systems/electrical/outputs/instrument-lights</factor-prop> -->
	</emission>
</animation>
    
  <animation>
    <type>rotate</type>
    <object-name>Needle_FRONT</object-name>
    <property>engines/engine[0]/egt-degf</property>  <!-- grados en Fahrenheit -->
    <interpolation>
      <entry>
        <ind>1200</ind>    
        <dep>0</dep>
      </entry>
      <entry>
        <ind>1300</ind>    
        <dep>18.5</dep>
      </entry>
      <entry>
        <ind>1400</ind>    
        <dep>36.5</dep>
      </entry>
      <entry>
        <ind>1500</ind>    
        <dep>55</dep>
      </entry>
      <entry>
        <ind>1600</ind>    
        <dep>73</dep>
      </entry>
      <entry>
        <ind>1700</ind>     
        <dep>91</dep>
      </entry>
    </interpolation>
    <axis>
      <x>1.0</x>
      <y>0.0</y>
      <z>0.0</z>
    </axis>
    <center>
      <x-m> 0.0007</x-m>
      <y-m>-0.026542</y-m>
      <z-m>-0.000191</z-m>
    </center>
  </animation>
  
  <animation>
    <type>rotate</type>
    <object-name>Needle_REAR</object-name>
    <property>engines/engine[1]/egt-degf</property>  <!-- grados en Fahrenheit -->
    <interpolation>
      <entry>
        <ind>1200</ind>    
        <dep>0</dep>
      </entry>
      <entry>
        <ind>1300</ind>    
        <dep>-18.5</dep>
      </entry>
      <entry>
        <ind>1400</ind>    
        <dep>-36.5</dep>
      </entry>
      <entry>
        <ind>1500</ind>    
        <dep>-55</dep>
      </entry>
      <entry>
        <ind>1600</ind>    
        <dep>-73</dep>
      </entry>
      <entry>
        <ind>1700</ind>     
        <dep>-91</dep>
      </entry>
    </interpolation>
    <axis>
      <x>1.0</x>
      <y>0.0</y>
      <z>0.0</z>
    </axis>
    <center>
      <x-m> 0.0007</x-m>
      <y-m> 0.026478</y-m>
      <z-m>-0.000191</z-m>
    </center>
  </animation>

<!-- Label Text -->

<text>
	<name>LabelText</name>
	<type type="string">literal</type>
		<text type="string">Exhaust Gas Temperature</text>
	<draw-text type="bool">true</draw-text>
	<font>Helvetica.txf</font>
		<character-size type="double">0.012</character-size>
		<character-aspect-ratio type="double">1.0</character-aspect-ratio>
	<axis-alignment>yz-plane</axis-alignment>
	<max-height>0.2</max-height>
	<max-width>0.07</max-width>
	<font-resolution>
		<width type="int">32</width>
		<height type="int">32</height>
	</font-resolution>
	<alignment>center-center</alignment>
	<offsets>
		<x-m> 0.01</x-m>
		<y-m> 0.0 </y-m>
		<z-m> 0.0 </z-m>
	</offsets>
</text>

<animation>
	<type>material</type>
		<object-name>LabelText</object-name>
	<emission>
		<red>1.0</red>
		<green>0.8</green>
		<blue>0.0</blue>
	</emission>
</animation>

<animation>
	<type>select</type>
		<object-name>LabelText</object-name>
	<condition>
		<property>/sim/panel-hotspots</property>
	</condition>
</animation>

</PropertyList>