<?xml version="1.0"?>

<piston_engine name="Continental _IO-360-G">
	<minmp unit="INHG">		   15.0  </minmp>
	<maxmp unit="INHG">		   25.0  </maxmp>
	<displacement unit="IN3"> 360.0  </displacement>
	<bore unit="IN">			4.438</bore>
	<stroke unit="IN">			3.875</stroke>
	<cylinders>					6.0  </cylinders>
	<compression-ratio>			8.5  </compression-ratio>
	<maxhp> 				  2100.0  </maxhp>
	<cycles>					4.0  </cycles>
	<idlerpm>				  600.0  </idlerpm>
	<maxrpm>				 4500.0  </maxrpm>
	<sparkfaildrop>				0.1  </sparkfaildrop>
	<volumetric-efficiency>		0.85 </volumetric-efficiency>
	<air-intake-impedance-factor>0.45</air-intake-impedance-factor>
	<!-- Optional items that affect engine performance -->
	<!-- Defining <bsfc> over-rides the built-in horsepower calculations -->
	<!--<bsfc>						0.35</bsfc>-->
	<!-- <bsfc>						0.326</bsfc> -->
</piston_engine>