<?xml version="1.0" encoding="UTF-8"?>

<PropertyList>

<default>
	<menu n="10">
		<label>Cessna 337G</label>
		<enabled type="bool">true</enabled>
		<item n="1">
			<label>Autostart</label>
			<binding>
				<command>property-toggle</command>
				<property>sim/model/autostart</property>
			</binding>
		</item>
		<item n="2">
			<label>Utility</label>
			<binding>
				<command>dialog-show</command>
				<dialog-name>utility-dialog</dialog-name>
			</binding>
		</item>
		<item n="3">
			<label>Checklists</label>
			<binding>
				<command>dialog-show</command>
				<dialog-name>checklists</dialog-name>
			</binding>
		</item>
		<item n="4">
			<label>Yokes On/Off</label>
			<binding>
				<command>property-toggle</command>
				<property>sim/yokes-visible</property>
			</binding>
		</item>
		<item n="5">
			<label>Select Livery</label>
			<binding>
				<command>nasal</command>
				<script>aircraft.livery.dialog.toggle()</script>
			</binding>
		</item>
	</menu>

  <menu n="3">
	  <label>Autopilot</label>
		<name>autopilot</name>  
		<item>
			<label>Navomatic Settings (F11)</label>
			<name>autopilot-settings</name>
			<!-- <enabled type="bool">false</enabled> -->
			<binding>
				<command>dialog-show</command>
			  <dialog-name>autopilot</dialog-name>  
			</binding>
		</item>
		<item> 
			<label>Route Manager</label>  
			<name>route-manager</name>
			<enabled type="bool">false</enabled>
			<binding>
				<command>dialog-show</command>
				<dialog-name>route-manager</dialog-name>
			</binding> 
		</item>
		<item>
			<label>Previous Waypoint</label> 
			<name>previous-waypoint</name>
			<enabled type="bool">false</enabled>
			<binding>
				<command>nasal</command>
				<script>setprop("/autopilot/route-manager/input", "@previous")</script>
			</binding>
		</item>
		<item>
			<label>Next Waypoint</label> 
			<name>next-waypoint</name>
			<enabled type="bool">false</enabled>
			<binding>
				<command>nasal</command>
				<script>setprop("/autopilot/route-manager/input", "@next")</script>
			</binding>
		</item>
	</menu>
</default>

</PropertyList>